year,issn,eissn,quartile
2021,0007-9235,1542-4863,Q1
2021,0140-6736,1474-547X,Q1
2021,0028-4793,1533-4406,Q1
2021,0098-7484,1538-3598,Q1
2021,1471-0072,1471-0080,Q1
2021,1474-1776,1474-1784,Q1
2021,1474-1733,1474-1741,Q1
2021,2213-2600,N/A,Q1
2021,1300-0144,1303-6165,Q3
2020,1300-0144,1303-6165,Q4
2019,1300-0144,1303-6165,Q4
2018,1300-0144,1303-6165,Q4
2017,1300-0144,1303-6165,Q4
2016,1300-0144,1303-6165,Q3
2015,1300-0144,1303-6165,Q4
2014,1300-0144,1303-6165,Q4
2013,1300-0144,1303-6165,Q3
2012,1300-0144,1303-6165,Q4
2011,1300-0144,1303-6165,Q4
2010,1300-0144,1303-6165,Q4
2009,1300-0144,1303-6165,Q4